[{"Name":"test","SourceFilePath":"C:\\Users\\Penda\\Documents\\GitHub\\CESIProgSys-EasySave\\Files\\sourceFile","TargetFilePath":"C:\\Users\\Penda\\Documents\\GitHub\\CESIProgSys-EasySave\\Files\\targetFile","Type":"Complete","State":"INACTIVE","TotalFilesToCopy":"0","TotalFilesSize":"0","NbFilesLeftToDo":"0","Progression":"0"},{"Name":"test2","SourceFilePath":"C:\\Users\\Penda\\Documents\\GitHub\\CESIProgSys-EasySave\\Files\\sourceFile\\sourceFile2","TargetFilePath":"C:\\Users\\Penda\\Documents\\GitHub\\CESIProgSys-EasySave\\Files\\targetFile","Type":"Complete","State":"INACTIVE","TotalFilesToCopy":"3","TotalFilesSize":"0","NbFilesLeftToDo":"0","Progression":"0"}]