[
  {
    "Name": "rassim",
    "SourceFilePath": "C:\\Destination",
    "TargetFilePath": "C:\\Source",
    "Time": "24/11/2021 23:11:29",
    "State": "END",
    "TotalFilesToCopy": "2",
    "TotalFilesSize": "153",
    "NbFilesLeftToDo": "0",
    "Progression": "100%"
  },
  {
    "Name": "adel",
    "SourceFilePath": "C:\\Destination",
    "TargetFilePath": "C:\\Source",
    "Time": "24/11/2021 23:11:29",
    "State": "END",
    "TotalFilesToCopy": "2",
    "TotalFilesSize": "153",
    "NbFilesLeftToDo": "0",
    "Progression": "100%"
  },
  {
    "Name": "amelie",
    "SourceFilePath": "C:\\Destination",
    "TargetFilePath": "C:\\Source",
    "Time": "24/11/2021 23:12:24",
    "State": "END",
    "TotalFilesToCopy": "2",
    "TotalFilesSize": "153",
    "NbFilesLeftToDo": "0",
    "Progression": "100%"
  },
  {
    "Name": "cul",
    "SourceFilePath": "C:\\Users\\ameli\\Documents\\GitHub\\CESIProgSys-EasySave\\files\\targetFile",
    "TargetFilePath": "C:\\Users\\ameli\\Documents\\GitHub\\CESIProgSys-EasySave\\files\\sourceFile",
    "Time": "25/11/2021 01:09:16",
    "State": "END",
    "TotalFilesToCopy": "6",
    "TotalFilesSize": "0",
    "NbFilesLeftToDo": "0",
    "Progression": "100%"
  },
  {
    "Name": "test1",
    "SourceFilePath": "C:\\Users\\ameli\\Documents\\GitHub\\CESIProgSys-EasySave\\files\\targetFile",
    "TargetFilePath": "C:\\Users\\ameli\\Documents\\GitHub\\CESIProgSys-EasySave\\files\\sourceFile",
    "Time": "02/12/2021 10:35:47",
    "State": "END",
    "TotalFilesToCopy": "6",
    "TotalFilesSize": "0",
    "NbFilesLeftToDo": "0",
    "Progression": "100%"
  }
]